[
	{
		"name": "广东",
		"value": 230
	},
	{
		"name": "福建",
		"value": 214
	},
	{
		"name": "浙江",
		"value": 203
	},
	{
		"name": "上海",
		"value": 310
	},
	{
		"name": "北京",
		"value": 289
	},
	{
		"name": "江苏",
		"value": 207
	},
	{
		"name": "四川",
		"value": 189
	},
	{
		"name": "重庆",
		"value": 195
	},
	{
		"name": "陕西",
		"value": 160
	},
	{
		"name": "湖南",
		"value": 140
	},
	{
		"name": "河北",
		"value": 170
	},
	{
		"name": "辽宁",
		"value": 106
	},
	{
		"name": "湖北",
		"value": 120
	},
	{
		"name": "江西",
		"value": 99
	},
	{
		"name": "天津",
		"value": 107
	},
	{
		"name": "吉林",
		"value": 143
	},
	{
		"name": "青海",
		"value": 65
	},
	{
		"name": "山东",
		"value": 166
	},
	{
		"name": "山西",
		"value": 134
	},
	{
		"name": "云南",
		"value": 87
	},
	{
		"name": "安徽",
		"value": 79
	}
]